Nombre,Precio ($),Fecha_Entrega
Juguetes Miniatura De 24 Piezas Sanrio Kuromi Figuras Niños,369,No mencionado
Mochila Juvenil Truzt Sanrio Kuromi 26 L Negro,779,No mencionado
Cartera Mofusand X Sanrio Cute Kawaii Monedero Billetera Color Mofusand Melody Diseño De La Tela Mofusand Melody,253,No mencionado
Peluche Pochacco Sanrio Hello Kitty Kuromi Cinnamonroll,798,No mencionado
Muñeco De Sanrio Peluche De Kuromi/cinnamoroll My Melody Para Bebe,138,No mencionado
Figura Hatsune Miku Cinnamoroll Nue Va Vocaloid Sanrio,298,No mencionado
Juguetes Miniatura De 24 Piezas Sanrio Kuromi Figuras Niños,369,No mencionado
Mochila Sanrio Hello Kitty Bandolera Bolsa De Viaje 19*12*23cm Mochila Incluye Colgante,599,No mencionado
Mochila Escolar Para Niñas De Escuela Primaria Sanrio,681,No mencionado
Cartera Sanrio Kuromi Hello Kitty Titulo Monedero Billetera Color My Melody Titulo Diseño De La Tela My Melody Titulo,459,No mencionado
"Personajes De Sanrio Lego Microbricks, Set De 6 Piezas",340,No mencionado
Taza De Cerámica De Hello Kitty 354ml Color Blanco,348,No mencionado
Hello Kitty Sanrio Marinera Guardavidas 2 Figuras + 2 Libros,600,No mencionado
Mochila Antideslizante Con Soporte Para La Espalda De Sanrio,816,No mencionado
Kit 2 Bandoleras De Felpa Sanrio Melody Y Kuromi Bolsas Mano,238,No mencionado
Lonchera Juvenil Sanrio Hello Kitty 4 L Rosa,599,No mencionado
Ramo de Peluche Sanrio de Hello Kitty con Caja de,559,No mencionado
Funko Pop Sanrio: Hello Kitty Spring - Hello Kitty Cookie,319,No mencionado
Kit 2 Bandoleras De Felpa Sanrio Melody Y Kuromi Bolsas Mano,238,No mencionado
Mochila Escolar Hello Kitty Cinnamoroll Melody,398,No mencionado
Monedero Sanrio Cute Kuromi Hangyodon Silicon Billetera Color Hello Kitty Diseño De La Tela Hello Kitty,149,No mencionado
Bloques De Construcción De Pom Pom Purin Sanrio Cupcake,183,No mencionado
Taza Para Cafe Ceramica Snoopy Peanuts Jumbo 798ml,350,No mencionado
Ramo Peluches Hello Kitty Sanrio (bolsa Regalo + Luces Led) Kitty - B,398,No mencionado
Mochila Ruz Kuromi 182646 Lila Animado,699,No mencionado
Charm Dije Hello Kitty Sanrio Plata S925,386,No mencionado
Camisón Sanrio Hello Kitty Con Estampado Element Para Niña,120,No mencionado
Charm Dije Hello Kitty Kuromi Sanrio Plata S925,456,No mencionado
6 Figuras Colección Completa My Melody Hello Kitty Sin Caja,999,No mencionado
Tote Bag Comercializadora Gil Algodón Rosa Sanrio Personajes Cute,219,No mencionado
"Mochila Escolar Sanrio Kuromi Hello Kitty Cinnamoroll Melody, Mochila Informal Con Estampado De Anime Para Portátil, Mochila Para Viajes, Senderismo",628,No mencionado
Cartera Sanrio Tonos En Oro Cute Kawaii Monedero Billetera Color My Melody Oro Diseño De La Tela My Melody Oro,253,No mencionado
Sanrio Tiendas Bloques Armables Hello Kitty Kuromi My Melody Cantidad De Piezas 3,414,No mencionado
Taza My Melody Sanrio Hello Kitty Rosa,219,No mencionado
Ramo Peluches Cinnamoroll (bolsa Regalo + Luces Led) Sanrio,398,No mencionado
Funko Bitty Pop Town: Sanrio - Cafe Cinnamoroll,299,No mencionado
Set 6 Figuras Coleccion Sanrio Hello Kitty Kuromi My Melody,399,No mencionado
Tote Bag Sanrio My Melody Cute Bolsa De Manta Algodón Color Melody Panel Correa De Hombro Beige Diseño De La Tela Melody Panel,219,No mencionado
Mochila Escolar Niña Bolsa Primaria Infantil Impermeable Sanrio Hello Kitty Kuromi Melody Cinamoroll Diseño De La Tela Kuromi 01,188,No mencionado
Cartera Badtz-maru Sanrio Variado Monedero Billetera Color Badtz-maru Enojado Diseño De La Tela Badtz-maru Enojado,206,No mencionado
"Casita De Kuromi Armable, Bloques Kitty Cantidad De Piezas 438",499,No mencionado
Tarro Taza Jumbo 3d De Cerámica Cuerpo Com 591ml,499,No mencionado
Sanrios Pochacco Muñecas De Peluche Bonitas 25cm,249,No mencionado
Funko Pop! Sanrio - Hello Kitty With Gift #70 Blacklight,389,No mencionado
Kit Construcción Hello Kitty Keepley | Figura Sanrio Armable 30 Pzas | Figura Ensamblada 12 cm Plástico | Creativo Coleccionable | Niños 8 Años,214,No mencionado
Tote Bag Subimaru Shop My Melody Kawaii Algodón Blanca,219,No mencionado
Mochila Ruz Kuromi 182646 Lila Animado,699,No mencionado
W Capsule Sanrio Kuromi Cartera Mujer Negro Hbkorasik4cw Negro,999,No mencionado
Peluche Kuromi Sencillo Lovely Purple My Melody 25cm Rosa,158,No mencionado
Muñecas Guerreras Kpop Sanrio Cazadoras De Brujas Saja Boys,999,No mencionado
Tote Bag Sanrio Hello Kitty Kuromi Bolsa De Manta Algodón Color Gatos Cute Rosa Correa De Hombro Beige Diseño De La Tela Gatos Cute Rosa,219,No mencionado
Peluche Sanrio Kuromi Melody Antifaz Corazon Felpa Divertido Color My Melody Antifaz,233,No mencionado
Funko Pop! Pochacco Unicornio 65752 De La Coleccion Hello Kitty Sanrio Figura De Accion #60,357,No mencionado
Figura Mi Vecino Totoro Studio Ghibli 1pz Sorpresa Blindbox,260,No mencionado
W Capsule Sanrio Melody Kuromi Bolsa De Hombro Hbtawycw Color Negro,"1,899",No mencionado
Muñeco De Peluche De Sanrio My Melody Incluye Regalo 40cm,519,No mencionado
Funko Pop Sanrio: Hello Kitty - Hello Kitty K-Pop,373,No mencionado
Coleccion 6 Figuras Personajes Sanrio Maquina Garra,399,No mencionado
Kit 2 Bolsas De Silicona Kuromi Sanrio - Regalos Para Niña,228,No mencionado
"Makeuperia Beauty Kit Hello Kitty Sanrio, Set De Maquillaje Infantil Con Brillos, Bálsamos, Espejo, Stickers y Moños, Cosméticos Infantiles No Tóxicos, Juguete Seguro Para Niñas",199,No mencionado
Kit 2 Bolsas De Silicona Kuromi Sanrio - Regalos Para Niña,228,No mencionado
"Rompecabezas Sanrio de 1000 Piezas para Adultos y Niños, con Hello Kitty y Amigos, de 70x50 cm",98,No mencionado
Tote Bag Sanrio My Melody Cute Bolsa De Manta Algodón Color Melody Panel Correa De Hombro Beige Diseño De La Tela Melody Panel,219,No mencionado
Kit 2 Bandoleras De Felpa Sanrio Melody Y Kuromi Bolsas Mano,189,No mencionado
Kit 2 Bolsas De Silicona Kuromi Sanrio - Regalos Para Niña,228,No mencionado
"Makeuperia Beauty Kit Hello Kitty Sanrio, Set De Maquillaje Infantil Con Brillos, Bálsamos, Espejo, Stickers y Moños, Cosméticos Infantiles No Tóxicos, Juguete Seguro Para Niñas",199,No mencionado
Rompecabezas Sanrio Hello Kitty 60 Pzs Cilindro de 500 piezas,199,No mencionado
"Makeuperia Maletín De Maquillaje Kuromi Sanrio Con Brillos, Sombras y Esmaltes Desprendibles, Cosméticos Infantiles No Tóxicos, Juego De Belleza Seguro Para Niñas",469,Llega gratis mañana
"Makeuperia Set De 12 Brillos Labiales Infantiles Hello Kitty Sanrio, Glosses Con Sabores Frutales No Tóxicos, Juego De Belleza Seguro Para Niñas",199,No mencionado
"Berry Hip Estuche Escolar Sanrio My Melody Con Dos Compartimentos, Lapicera Infantil De Tela Con Gran Capacidad, Organizador Para Lápices, Colores y Material Escolar",98,No mencionado
Peluche Colgante Kuromi Zodiaco de Top Toy – Muñeco Blind Box Sanrio Kawaii,459,No mencionado
"Makeuperia Nail Polish Set Hello Kitty Sanrio, Kit De Esmaltes Desprendible Con 15 Colores Brillantes, Lima De Uñas y Separadores, Juego De Manicura Infantil No Tóxico Para Niñas",199,No mencionado
100 Hojas Stickers Anime Sanrio Pvc Resistente Al Agua Fiest,198,No mencionado
Lapicera Estuchera Escolar Kawai Sanrio My Melody Multiusos,166,No mencionado
Funko Bitty Pop Town: Sanrio - Cafe Cinnamoroll,299,No mencionado
Lapicera Peluche Pompompurin Estuche Escolar Cierre Grueso,298,No mencionado
"Rompecabezas Sanrio de 1000 Piezas para Adultos y Niños, con Hello Kitty y Amigos, de 70x50 cm",98,No mencionado
Peluche Kuromi Negro 25cm Suave Regalo Cumpleanos Sanrio,254,No mencionado
"Makeuperia Cosmic Set Kuromi Sanrio, Maquillaje Infantil Con 5 Brillos Labiales Sabor Frutal, 5 Esmaltes Desprendibles y Stickers, Cosméticos No Tóxicos, Juguete Seguro Para Niñas",199,No mencionado
Peluche Hello Kitty Sanrio Regalo Suave Calidad 25 Cm,499,No mencionado
Figura Hatsune Miku Cinnamoroll Nueva Vocaloid Sanrio,156,No mencionado
Lapicera Escolar Estuche Gran Capacidad Organizador,98,No mencionado
Peluche Cinnamoroll Blanco 25cm Suave Regalo Sanrio,305,No mencionado
Set De Arte Kuromi Sanrio Plegable con Caballete y 208 Piezas,298,No mencionado
Parasol Frontal Para Auto Y Camioneta Hello Kitty,450,No mencionado
Calcomanias Kuromi Hello Kitty Pegatinas De Pvc Contra Agua,153,No mencionado
Sticker Para Tarjeta Nuevo Sanrio Hello Kitty,75,No mencionado
20 Bolsitas Para Dulces Sanrio Dulceros Kuromi Bolsas Fiesta,298,No mencionado
Peluche Pochacco Sanrio Hello Kitty Kuromi Cinnamonroll,798,No mencionado
"Berry Hip Set De Arte Sanrio Hello Kitty Plegable Con Caballete Integrado, Kit De Dibujo De 208 Piezas Con Marcadores, Acuarelas, Crayones, Lápices De Color y Pinceles",298,Llega gratis mañana
Bolsa Peluche Melody Cerdito Sanrio Cute Felpa Divertido Melody Cute,249,No mencionado
"Berry Hip Estuche Escolar Sanrio Cinnamoroll Con Dos Compartimentos, Lapicera Infantil De Tela Con Gran Capacidad, Organizador Para Lápices, Colores y Material Escolar",98,No mencionado
Peluche Ruz -Hello Sanrio ( Kuromi delux black) de 30 cm,819,No mencionado
"Makeuperia Set De 12 Brillos Labiales Infantiles Kuromi Sanrio, Glosses Con Sabores Frutales No Tóxicos, Juego De Belleza Seguro Para Niñas",199,No mencionado
"Berry Hip Set 12 Lapiceros Punta Fina Escolar Sanrio Cinnamoroll , Lápices Infantiles Con Puntas Intercambiables y Borrador",79,No mencionado
Peluche Sirenita Kuromi Morada Sanrio Felpa Divertido Color Blanco,249,No mencionado
Monedero Llavero Peluche My Sweet Piano,115,No mencionado
Gairet Parasol Para Auto Hello Kitty Sanrio Protector Solar Parabrisas Delantero Cubre Sol Plegable Bloqueador De Calor Uv Accesorio Coche Y Camioneta Cuidado Interior Diseño Rosa Divertido Mujer,219,No mencionado
Funko Bitty Pop! Sanrio - Minifigura Sorpresa 12 Pack,"1,063",No mencionado
Peluche Pochacco Sanrio Hello Kitty Kuromi Cinnamonroll,628,No mencionado
24 Bolsitas Para Dulces Sanrio Dulceros Kuromi Bolsas Fiesta,225,No mencionado
Kit Papelería Kawaii Hello Kitty Sanrio Regreso A Clases,499,No mencionado
Conjunto De 4 Muñecos De Peluche Sanrio Kuromi Melody,448,No mencionado
"Berry Hip Set 12 Lapiceros Punta Fina Escolar Sanrio My Melody, Lápices Infantiles Con Puntas Intercambiables y Borrador",79,No mencionado
Funko Pop Sanrio: Hello Kitty - Cinnamoroll Fantasma,399,No mencionado
Peluche Sanrio 20 Cm Hello Kitty Kuromi My Melody,238,No mencionado
Supra Automovil 50 Calcomanias Stickers Vinil Pvc Vs Agua,147,No mencionado
Muñeca Peluche Kitty Graduada Con Virrete Sanrio Kuromi,399,No mencionado
Sanrio Melody Kuromi Y Mas 50 Stickers Vinil Pvc Vs Agua,147,No mencionado
Set De 6 Figuras Kuromi Colección Sanrio,398,No mencionado
Figura de My Melody Coleccionable Hello Sanrio de 20 cm,469,No mencionado
Mini Ramo De Peluche Excelente Regalo Para Novia,199,No mencionado
"Berry Hip Libreta De Lentejuelas Con Candado Sanrio Kuromi, Diario Para Niñas De 80 Hojas",98,No mencionado
Blekrasi Bolso Barbie True Wireless In-ear Bluetooth 5.3,599,No mencionado
Pochacco Peluche Adorable Para Dormir Sanrios 25cm,227,No mencionado
Lonchera De Hello Kitty Térmica Infantil Escolar Lunchera Sanrio Kawaii Bolsa De Almuerzo Loncheras Para Niña Lunch Box,225,No mencionado
Pochacco Peluche Adorable Para Dormir Sanrios 25cm,260,No mencionado
Funko Bitty Pop 2 Pack! Hello Kitty & Pompompurin Sanrio,399,No mencionado
"Berry Hip Set 12 Lapiceros Punta Fina Escolar Sanrio Kuromi, Lápices Infantiles Con Puntas Intercambiables y Borrador",79,No mencionado
Kit De Esmalte Colores Lavable Para Niñas Sanrio Kuromi,199,No mencionado
Lapicera Triple Sanrio My Melody,429,No mencionado
32 Diy Unidades De Pegatinas Decorativas K-pop Demon Hunters,220,No mencionado
Sticker Para Tarjeta Nuevo Kuromi Sanrio Grande,75,No mencionado
Sticker Para Tarjeta Nuevo Kuromi Sanrio Personajes,75,No mencionado
"Berry Hip Set 12 Lapiceros Punta Fina Escolar Sanrio Kuromi, Lápices Infantiles Con Puntas Intercambiables y Borrador",79,No mencionado
Kit De Esmalte Colores Lavable Para Niñas Sanrio Kuromi,199,No mencionado
"Makeuperia Set De 12 Brillos Labiales Infantiles My Melody Sanrio, Glosses Con Sabores Frutales No Tóxicos, Juego De Belleza Seguro Para Niñas",199,No mencionado
Peluche Gato Gatito Disfraz Personajes Hello Kitty 18cm Hangyodon,239,No mencionado
Funko Pop Sanrio: Hello Kitty - Keroppi K-Pop,373,No mencionado
Figura Mi Vecino Totoro Studio Ghibli 1pz Sorpresa Blindbox,280,No mencionado
"Bolso De Mano En Forma De Media Luna, Rosa Sanrio",390,No mencionado
Mochila De Felpa De Sanrio Hello Kitty Melody Pochacco Y Kuromi,398,No mencionado
Lonchera Ruz Femenino Sanrio Kuromi Morado/negro,479,No mencionado
Mochila Kuromi Sanrio Felpa 3d Carpicho Peluche Colgante Backpack Anime Regalo Ideal,225,No mencionado
Sanrio Hellokitty Mochila Hello Kitty Para Nina,595,No mencionado
Nueva Bolsa Almuerzo Sanrio Mymelody Cinnamoro,228,No mencionado
Peluche Gato Gatito Disfraz Personajes Hello Kitty 18cm Pompompurin,239,No mencionado
Pochacco Bloques De Construcción Forma Flor Lunar Montable,272,No mencionado
Lonchera Ruz Femenino Sanrio Kuromi Morado/negro,479,No mencionado
Sanrio Care Bears Hello Kitty - Peluche Cinnamoroll 20 Ctms Color Rosa,431,No mencionado
Funko Pop Hello Kitty #104 Exclusivo Sanrio,499,No mencionado
Kit Fiesta Sanrio Melody Globos De Cumpleaños Decoración,136,No mencionado
My Melody Y Kuromi Hello Kitty Sanrio Friends Bitty Pop 2pac,270,No mencionado
Hello Kitty Sanrio Mattel Peluche Adorable Suave Abrazable Color Rosa,349,No mencionado
Bolsa Compresa Hello Kitty Sanrio Kuromi Cinamoroll Colicos,424,No mencionado
Taza Para Cafe Ceramica Snoopy Peanuts Jumbo 798ml,350,No mencionado
Cartera Sanrio Kuromi Hello Kitty Titulo Monedero Billetera Color Cinnamoroll Titulo Diseño De La Tela Cinnamoroll Titulo,459,No mencionado
W Capsule Sanrio Kuromi Cartera Mujer Negro Hbkorasik4cw Negro,999,No mencionado
"Mochila De Moda De Felpa, Bolso Kuromi Melody Kitty",269,No mencionado
Figuras Kawaii Decoracion De Uñas Kuromi Cinnamoroll Mixto Sanrio,170,No mencionado
Bolsas Celofán Hello Kitty 7x7,78,No mencionado
"Peluche Gato Kawaii 25cm Suave Regalo Niña Decoración ,",88,No mencionado
Funko Pop Sanrio: Hello Kitty - Hello Kitty con Planta,299,No mencionado
Cartera Sanrio Kuromi Hello Kitty Titulo Monedero Billetera Color Cinnamoroll Titulo Diseño De La Tela Cinnamoroll Titulo,459,No mencionado
Bolsa Compresa Hello Kitty Sanrio Kuromi Cinamoroll Colicos,424,No mencionado
Juguete Peluche Rosa Gato Diseño Clásico,101,No mencionado
Ruz Sanrio Keepley 182114 Hello Kitty Muñeca Apple,269,No mencionado
Mochila De Hombro Para Mujer De Hello Kitty Sanrio,268,No mencionado
Taza Tarro Para Cafe Ceramica Hello Kitty 3d Sanrio 591ml,399,No mencionado
Lapicera Estuchera Escolar Kawai Sanrio My Melody Multiusos,166,No mencionado
Peluche Kuromi Sanrio Suave Ideal Regalo Niños 25cm,72,No mencionado
Banpresto Sanrio Characters Nakayoshi Memories Vol.2 Pochacco & Hangyodon (b:hangyodon),649,No mencionado
Tote Bag Sanrio Hello Kitty Kuromi Bolsa De Manta Algodón Color Little Twinstars Correa De Hombro Beige Diseño De La Tela Little Twin Stars,219,No mencionado
Bloques Tipo Florero Sanrio Personajes,122,No mencionado
Peluche Suave 25 Cm Decorativo Y Abrazable Aaa,108,No mencionado
48pcs Cajas Palomitas Sanrio Fiesta Cumpleaños Niños Hello Kitty,225,No mencionado
Aretes Kuromi Con Mariposa En Plata Ley 925 Para Niña Sanrio Accesorios Broqueles Asimétricos Personajes Kitty,139,No mencionado
Regalo De San Valentín Con Forma De Rama De Peluche Sanrio D,167,No mencionado
Funko Pop Sanrio: Hello Kitty - Chococat K-pop,399,No mencionado
Depiladora De Luz Pulsada Hello Kitty,"1,268",No mencionado
Lonchera Térmica Sanrio My Melody Kuromi Pompompurin Pochaco,319,No mencionado
"Oferta Especial Rx Muñeco De Peluche Sanrio Pompompurin,",122,No mencionado
Hello Kitty And Friends Figurineset Ternurines Aterciopelado,999,No mencionado
Mochila De Hombro Para Mujer De Hello Kitty Sanrio Negro,218,No mencionado
Cartera Sanrio Cute Kawaii Frase Monedero Billetera Color Little Twin Stars Frase Diseño De La Tela Little Twin Stars Frase,206,No mencionado
Juguete De Peluche Mono Bebé Punch Interactivo,124,No mencionado
Funko Pop Hello Kitty Classic 28 Sanrio,389,No mencionado
Sanrio Hellokitty Mochila Hello Kitty Para Nina,588,No mencionado
Set De 31 Llaveros De Kuromi De Hello Kitty - Colección,298,No mencionado
Ws Muñeco De Peluche Cinnamoroll De 25 Cm Con Dibujos,110,No mencionado
